family,depth,width,residual,learning_rate,activation,gamma_scale,val_loss,val_accuracy,val_f1,best_epoch,epochs_run,status,seconds
dense,3,13,False,0.003,tanh,1.0,0.03752558401198847,0.9642857142857143,0.9665831244778613,250,250,ok,0.19056541700000007
dense,3,13,False,0.003,relu,1.0,0.05384833478575115,1.0,1.0,106,146,ok,0.10995987499999993
dense,3,13,False,0.01,tanh,1.0,0.05480482146125185,0.9642857142857143,0.9665831244778613,104,144,ok,0.10572512499999998
dense,3,13,False,0.01,relu,1.0,0.03801627392070262,1.0,1.0,39,79,ok,0.055734167
dense,3,26,False,0.003,tanh,1.0,0.023931379448584995,1.0,1.0,235,250,ok,0.21135745800000016
dense,3,26,False,0.003,relu,1.0,0.028320219066653666,1.0,1.0,68,108,ok,0.097256958
dense,3,26,False,0.01,tanh,1.0,0.02053447750848062,1.0,1.0,105,145,ok,0.12842291699999997
dense,3,26,False,0.01,relu,1.0,0.008026208839279307,1.0,1.0,68,108,ok,0.09649412499999999
dense,3,13,True,0.003,tanh,1.0,0.023386711449433745,1.0,1.0,250,250,ok,0.1916683749999999
dense,3,13,True,0.003,relu,1.0,0.036887318059368686,1.0,1.0,143,183,ok,0.13299391700000007
dense,3,13,True,0.01,tanh,1.0,0.017898276936544586,1.0,1.0,250,250,ok,0.18806429199999974
dense,3,13,True,0.01,relu,1.0,0.06204992693853274,1.0,1.0,12,52,ok,0.0375529160000001
dense,3,26,True,0.003,tanh,1.0,0.015250668802173075,1.0,1.0,250,250,ok,0.21315550000000005
dense,3,26,True,0.003,relu,1.0,0.020232797532674623,1.0,1.0,108,148,ok,0.11414020899999988
dense,3,26,True,0.01,tanh,1.0,0.029840954901414356,0.9642857142857143,0.9665831244778613,235,250,ok,0.2045389580000001
dense,3,26,True,0.01,relu,1.0,0.012441152140224038,1.0,1.0,22,62,ok,0.0478523329999998
dense,5,13,False,0.003,tanh,1.0,0.009694566296973321,1.0,1.0,250,250,ok,0.2527262499999998
dense,5,13,False,0.003,relu,1.0,0.003644472288177177,1.0,1.0,250,250,ok,0.238540333
dense,5,13,False,0.01,tanh,1.0,0.006713039351698105,1.0,1.0,249,250,ok,0.254815083
dense,5,13,False,0.01,relu,1.0,0.0012805205746620346,1.0,1.0,250,250,ok,0.23311716700000007
dense,5,26,False,0.003,tanh,1.0,0.0424048786429762,0.9642857142857143,0.9665831244778613,108,148,ok,0.1754278330000001
dense,5,26,False,0.003,relu,1.0,0.07507109681120207,0.9642857142857143,0.9665831244778613,102,142,ok,0.14684179200000003
dense,5,26,False,0.01,tanh,1.0,0.04534409347819011,0.9642857142857143,0.9665831244778613,14,54,ok,0.06418920799999928
dense,5,26,False,0.01,relu,1.0,0.10276315667553873,0.9642857142857143,0.9665831244778613,4,44,ok,0.045532707999999644
dense,5,13,True,0.003,tanh,1.0,0.09091241697147621,0.9285714285714286,0.9326599326599326,250,250,ok,0.25326483300000024
dense,5,13,True,0.003,relu,1.0,0.06412623971969769,0.9642857142857143,0.9658994032395567,250,250,ok,0.24002841599999947
dense,5,13,True,0.01,tanh,1.0,0.04212034198208929,0.9642857142857143,0.9665831244778613,250,250,ok,0.263021792
dense,5,13,True,0.01,relu,1.0,0.030054031320306072,1.0,1.0,250,250,ok,0.24948529200000014
dense,5,26,True,0.003,tanh,1.0,0.0106658741710645,1.0,1.0,250,250,ok,0.3154401250000003
dense,5,26,True,0.003,relu,1.0,0.24163041600579852,0.8571428571428571,0.8611111111111112,22,62,ok,0.07025274999999986
dense,5,26,True,0.01,tanh,1.0,0.02119457989739727,1.0,1.0,250,250,ok,0.3104373329999994
dense,5,26,True,0.01,relu,1.0,0.10562255786553267,0.9642857142857143,0.9665831244778613,31,71,ok,0.08143449999999941
dense,7,13,False,0.003,tanh,1.0,0.2524314998825507,0.9285714285714286,0.9326599326599326,135,175,ok,0.23252316700000009
dense,7,13,False,0.003,relu,1.0,0.40082504855377443,0.9285714285714286,0.9326599326599326,54,94,ok,0.11527570800000042
dense,7,13,False,0.01,tanh,1.0,0.21158371847298563,0.9285714285714286,0.9326599326599326,144,184,ok,0.2427532499999998
dense,7,13,False,0.01,relu,1.0,0.19539179811522692,0.9642857142857143,0.9658994032395567,12,52,ok,0.0636268340000008
dense,7,26,False,0.003,tanh,1.0,0.03727034967909999,1.0,1.0,250,250,ok,0.3961758340000001
dense,7,26,False,0.003,relu,1.0,0.11927880497341113,0.9285714285714286,0.9299308878256246,102,142,ok,0.19552075000000002
dense,7,26,False,0.01,tanh,1.0,0.009830039061040383,1.0,1.0,18,58,ok,0.09144458300000036
dense,7,26,False,0.01,relu,1.0,0.0021294166948806923,1.0,1.0,13,53,ok,0.0731072079999997
dense,7,13,True,0.003,tanh,1.0,0.12950266705461194,0.9642857142857143,0.9658994032395567,249,250,ok,0.3397239169999997
dense,7,13,True,0.003,relu,1.0,0.08171704575664573,0.9642857142857143,0.9658994032395567,112,152,ok,0.19863675000000036
dense,7,13,True,0.01,tanh,1.0,0.14613590746706934,0.9642857142857143,0.9658994032395567,249,250,ok,0.3394924579999996
dense,7,13,True,0.01,relu,1.0,0.1624319296754648,0.9642857142857143,0.9658994032395567,11,51,ok,0.06426508300000044
dense,7,26,True,0.003,tanh,1.0,0.04321127281674731,0.9642857142857143,0.9658994032395567,247,250,ok,0.40602520899999917
dense,7,26,True,0.003,relu,1.0,0.14296960164159558,0.9285714285714286,0.9305555555555555,8,48,ok,0.06800395799999848
dense,7,26,True,0.01,tanh,1.0,0.02293093339644265,1.0,1.0,250,250,ok,0.4079520409999997
dense,7,26,True,0.01,relu,1.0,0.007017943738802902,1.0,1.0,20,60,ok,0.0850167079999995
rbf,3,13,False,0.003,tanh,0.5,0.6568649957139144,1.0,1.0,214,250,ok,0.18391941700000025
rbf,3,13,False,0.003,tanh,2.0,0.5979704908640875,1.0,1.0,150,190,ok,0.13886325
rbf,3,13,False,0.01,tanh,0.5,0.6529320673926561,1.0,1.0,104,144,ok,0.1041946669999998
rbf,3,13,False,0.01,tanh,2.0,0.5979267724623641,1.0,1.0,59,99,ok,0.0715862499999993
rbf,3,26,False,0.003,tanh,0.5,0.6645004491407523,1.0,1.0,244,250,ok,0.2707705419999993
rbf,3,26,False,0.003,tanh,2.0,0.5940593691947259,1.0,1.0,214,250,ok,0.2663746670000009
rbf,3,26,False,0.01,tanh,0.5,0.6580874760675911,1.0,1.0,104,144,ok,0.15336141600000097
rbf,3,26,False,0.01,tanh,2.0,0.5933169391435064,1.0,1.0,59,99,ok,0.10561304199999988
rbf,3,13,True,0.003,tanh,0.5,0.6697217874966592,1.0,1.0,214,250,ok,0.1832482500000001
rbf,3,13,True,0.003,tanh,2.0,0.6016185773874902,1.0,1.0,150,190,ok,0.14270325000000028
rbf,3,13,True,0.01,tanh,0.5,0.6670747270501146,1.0,1.0,93,133,ok,0.09860462500000011
rbf,3,13,True,0.01,tanh,2.0,0.6010402052961438,1.0,1.0,46,86,ok,0.06301912500000029
rbf,3,26,True,0.003,tanh,0.5,0.6623613968958263,1.0,1.0,250,250,ok,0.2688229170000014
rbf,3,26,True,0.003,tanh,2.0,0.605853673200853,1.0,1.0,245,250,ok,0.2751370420000008
rbf,3,26,True,0.01,tanh,0.5,0.6507225487283156,1.0,1.0,198,238,ok,0.26407670799999927
rbf,3,26,True,0.01,tanh,2.0,0.6009631241134147,1.0,1.0,244,250,ok,0.28067683399999943
rbf,5,13,False,0.003,tanh,0.5,0.6356136285962336,1.0,1.0,239,250,ok,0.2870305420000001
rbf,5,13,False,0.003,tanh,2.0,0.5578597978158414,1.0,1.0,245,250,ok,0.2893319160000001
rbf,5,13,False,0.01,tanh,0.5,0.6323737279283418,1.0,1.0,131,171,ok,0.19809283300000047
rbf,5,13,False,0.01,tanh,2.0,0.5565530332715415,1.0,1.0,121,161,ok,0.19385379199999875
rbf,5,26,False,0.003,tanh,0.5,0.6168466478276243,1.0,1.0,239,250,ok,0.49826641699999996
rbf,5,26,False,0.003,tanh,2.0,0.5642474836991485,1.0,1.0,230,250,ok,0.4720770000000005
rbf,5,26,False,0.01,tanh,0.5,0.6124140523025912,1.0,1.0,131,171,ok,0.3311469589999998
rbf,5,26,False,0.01,tanh,2.0,0.5613244463130703,1.0,1.0,125,165,ok,0.3283187499999993
rbf,5,13,True,0.003,tanh,0.5,0.6159385957262357,1.0,1.0,249,250,ok,0.3033150409999994
rbf,5,13,True,0.003,tanh,2.0,0.5692424877752774,1.0,1.0,239,250,ok,0.30433087500000156
rbf,5,13,True,0.01,tanh,0.5,0.6058649392336278,1.0,1.0,214,250,ok,0.30171066700000004
rbf,5,13,True,0.01,tanh,2.0,0.5691870526103587,1.0,1.0,78,118,ok,0.14322024999999883
rbf,5,26,True,0.003,tanh,0.5,0.6206977691963551,1.0,1.0,241,250,ok,0.504642875
rbf,5,26,True,0.003,tanh,2.0,0.5800972237107919,1.0,1.0,239,250,ok,0.5057793749999995
rbf,5,26,True,0.01,tanh,0.5,0.6113510318051442,1.0,1.0,130,170,ok,0.33453666700000184
rbf,5,26,True,0.01,tanh,2.0,0.5766288022294542,1.0,1.0,93,133,ok,0.3895381670000013
rbf,7,13,False,0.003,tanh,0.5,0.6474322755281301,1.0,1.0,250,250,ok,0.5424103749999993
rbf,7,13,False,0.003,tanh,2.0,0.5865250844570585,0.9642857142857143,0.9645191409897292,20,60,ok,0.09392716700000037
rbf,7,13,False,0.01,tanh,0.5,0.6398422229683475,1.0,1.0,195,235,ok,0.3797482499999987
rbf,7,13,False,0.01,tanh,2.0,0.5767683694754264,1.0,1.0,4,44,ok,0.08112520799999956
rbf,7,26,False,0.003,tanh,0.5,0.614440708611707,1.0,1.0,230,250,ok,0.7459387080000006
rbf,7,26,False,0.003,tanh,2.0,0.5774671096372893,1.0,1.0,8,48,ok,0.14268337500000072
rbf,7,26,False,0.01,tanh,0.5,0.6106591539849328,1.0,1.0,129,169,ok,0.4834018329999985
rbf,7,26,False,0.01,tanh,2.0,0.58560104624042,1.0,1.0,2,42,ok,0.11821695799999787
rbf,7,13,True,0.003,tanh,0.5,0.6205008363306986,1.0,1.0,240,250,ok,0.4020995419999984
rbf,7,13,True,0.003,tanh,2.0,0.5652509659587567,1.0,1.0,196,236,ok,0.3769823340000009
rbf,7,13,True,0.01,tanh,0.5,0.6124294571156667,0.9642857142857143,0.9665831244778613,130,170,ok,0.26656533299999907
rbf,7,13,True,0.01,tanh,2.0,0.5653961746542407,1.0,1.0,61,101,ok,0.15779537499999918
rbf,7,26,True,0.003,tanh,0.5,0.631600927117044,0.9642857142857143,0.9645191409897292,245,250,ok,0.6978524589999999
rbf,7,26,True,0.003,tanh,2.0,0.5673475205696781,1.0,1.0,230,250,ok,0.7048044159999982
rbf,7,26,True,0.01,tanh,0.5,0.6183227418758385,0.9642857142857143,0.9665831244778613,141,181,ok,0.540594875
rbf,7,26,True,0.01,tanh,2.0,0.5648780170757182,1.0,1.0,94,134,ok,0.3814227499999987
mixed,3,13,False,0.003,tanh,0.5,0.05444135191212957,0.9642857142857143,0.9665831244778613,202,242,ok,0.19882624999999976
mixed,3,13,False,0.003,tanh,2.0,0.03015077675428406,1.0,1.0,202,242,ok,0.1953461670000003
mixed,3,13,False,0.01,tanh,0.5,0.05572932230636896,0.9642857142857143,0.9665831244778613,68,108,ok,0.0833473340000026
mixed,3,13,False,0.01,tanh,2.0,0.028345189409618398,1.0,1.0,57,97,ok,0.07484824999999873
mixed,3,26,False,0.003,tanh,0.5,0.0350600902842074,0.9642857142857143,0.9665831244778613,235,250,ok,0.2724857920000012
mixed,3,26,False,0.003,tanh,2.0,0.026385107347143024,1.0,1.0,202,242,ok,0.2596647499999989
mixed,3,26,False,0.01,tanh,0.5,0.01325776528579542,1.0,1.0,235,250,ok,0.2710500830000022
mixed,3,26,False,0.01,tanh,2.0,0.020549138262072535,1.0,1.0,63,103,ok,0.11463570800000156
mixed,3,13,True,0.003,tanh,0.5,0.01907172278907154,1.0,1.0,235,250,ok,0.20640837499999876
mixed,3,13,True,0.003,tanh,2.0,0.0128982952530233,1.0,1.0,235,250,ok,0.20433816699999952
mixed,3,13,True,0.01,tanh,0.5,0.01567411669232689,1.0,1.0,87,127,ok,0.09990150000000142
mixed,3,13,True,0.01,tanh,2.0,0.01081450263594061,1.0,1.0,87,127,ok,0.09766183300000009
mixed,3,26,True,0.003,tanh,0.5,0.021850027041252097,1.0,1.0,235,250,ok,0.26578262499999994
mixed,3,26,True,0.003,tanh,2.0,0.034417808570442195,0.9642857142857143,0.9665831244778613,203,243,ok,0.2604225840000005
mixed,3,26,True,0.01,tanh,0.5,0.012434283244940059,1.0,1.0,203,243,ok,0.2677718330000012
mixed,3,26,True,0.01,tanh,2.0,0.03046217327750996,0.9642857142857143,0.9665831244778613,105,145,ok,0.15895516600000192
mixed,5,13,False,0.003,tanh,0.5,0.038992647077367944,0.9642857142857143,0.9665831244778613,230,250,ok,0.298214999999999
mixed,5,13,False,0.003,tanh,2.0,0.020722984957503,1.0,1.0,249,250,ok,0.2922876670000001
mixed,5,13,False,0.01,tanh,0.5,0.042527647964710855,0.9642857142857143,0.9665831244778613,101,141,ok,0.1637612500000003
mixed,5,13,False,0.01,tanh,2.0,0.011553615547584191,1.0,1.0,242,250,ok,0.291520000000002
mixed,5,26,False,0.003,tanh,0.5,0.017000311752125637,1.0,1.0,196,236,ok,0.40851183400000224
mixed,5,26,False,0.003,tanh,2.0,0.006725125774951915,1.0,1.0,246,250,ok,0.44977854200000067
mixed,5,26,False,0.01,tanh,0.5,0.006093686961285974,1.0,1.0,197,237,ok,0.41386454100000236
mixed,5,26,False,0.01,tanh,2.0,0.0027746637607246392,1.0,1.0,247,250,ok,0.44229950000000073
mixed,5,13,True,0.003,tanh,0.5,0.016959277400692807,1.0,1.0,235,250,ok,0.2986791249999996
mixed,5,13,True,0.003,tanh,2.0,0.020202465912594746,1.0,1.0,202,242,ok,0.293871124999999
mixed,5,13,True,0.01,tanh,0.5,0.01466740562634855,1.0,1.0,140,180,ok,0.21470466599999938
mixed,5,13,True,0.01,tanh,2.0,0.02567786625965876,1.0,1.0,66,106,ok,0.12622400000000056
mixed,5,26,True,0.003,tanh,0.5,0.01100794780607994,1.0,1.0,239,250,ok,0.449337584000002
mixed,5,26,True,0.003,tanh,2.0,0.021459516490668757,1.0,1.0,211,250,ok,0.44497795799999906
mixed,5,26,True,0.01,tanh,0.5,0.004812639898136843,1.0,1.0,239,250,ok,0.4975783329999999
mixed,5,26,True,0.01,tanh,2.0,0.006917746484840648,1.0,1.0,239,250,ok,0.4967331250000022
mixed,7,13,False,0.003,tanh,0.5,0.013870561525457997,1.0,1.0,250,250,ok,0.3894099159999982
mixed,7,13,False,0.003,tanh,2.0,0.016900486625070734,1.0,1.0,244,250,ok,0.38533412499999997
mixed,7,13,False,0.01,tanh,0.5,0.022458271879454116,1.0,1.0,81,121,ok,0.18729508399999872
mixed,7,13,False,0.01,tanh,2.0,0.03158400811968597,1.0,1.0,48,88,ok,0.16836675000000412
mixed,7,26,False,0.003,tanh,0.5,0.003923527021562879,1.0,1.0,250,250,ok,0.6999737499999981
mixed,7,26,False,0.003,tanh,2.0,0.0019210156774000832,1.0,1.0,250,250,ok,0.6205773340000036
mixed,7,26,False,0.01,tanh,0.5,1.0899690000634086,0.39285714285714285,0.18803418803418803,8,48,ok,0.12023166699999877
mixed,7,26,False,0.01,tanh,2.0,0.0008067847594012588,1.0,1.0,250,250,ok,0.6136969590000021
mixed,7,13,True,0.003,tanh,0.5,0.011128504138805678,1.0,1.0,250,250,ok,0.40208687500000195
mixed,7,13,True,0.003,tanh,2.0,0.010935240765827034,1.0,1.0,250,250,ok,0.398810417
mixed,7,13,True,0.01,tanh,0.5,0.0037796710809296116,1.0,1.0,250,250,ok,0.39494591700000115
mixed,7,13,True,0.01,tanh,2.0,0.005196751464623133,1.0,1.0,250,250,ok,0.40537858300000096
mixed,7,26,True,0.003,tanh,0.5,0.008468642876406429,1.0,1.0,239,250,ok,0.6593786250000022
mixed,7,26,True,0.003,tanh,2.0,0.005590696026837422,1.0,1.0,241,250,ok,0.6279973749999996
mixed,7,26,True,0.01,tanh,0.5,0.013176435771565095,1.0,1.0,56,96,ok,0.2428939169999964
mixed,7,26,True,0.01,tanh,2.0,0.002695631338657187,1.0,1.0,250,250,ok,0.6198575829999982
